name,age,blood_group,contact_number,email,address,last_donation_date
John Doe,25,O+,1234567890,john.doe@email.com,123 Main Street New York,2024-07-15
Jane Smith,30,A+,9876543210,jane.smith@email.com,456 Oak Avenue Los Angeles,2024-06-20
Michael Johnson,28,B+,5551234567,michael.j@email.com,789 Pine Road Chicago,2024-08-01
Sarah Williams,35,AB+,5559876543,sarah.w@email.com,321 Elm Street Houston,2024-05-10
Robert Brown,42,O-,5556781234,robert.brown@email.com,654 Maple Drive Phoenix,2024-04-25
Emily Davis,27,A-,5554567890,emily.davis@email.com,987 Cedar Lane Philadelphia,2024-09-05
David Miller,33,B-,5553216549,david.miller@email.com,147 Birch Court San Antonio,
Jennifer Garcia,29,AB-,5558529637,jennifer.g@email.com,258 Spruce Avenue San Diego,2024-06-30
William Martinez,38,O+,5557418529,william.m@email.com,369 Willow Street Dallas,2024-07-22
Lisa Anderson,31,A+,5556325814,lisa.anderson@email.com,741 Aspen Boulevard San Jose,2024-08-18
James Taylor,26,B+,5559517532,james.taylor@email.com,852 Redwood Place Austin,
Mary Thomas,34,AB+,5558524679,mary.thomas@email.com,963 Sequoia Drive Jacksonville,2024-05-28
Christopher Lee,40,O-,5557539514,chris.lee@email.com,159 Hickory Lane Fort Worth,2024-04-12
Patricia White,32,A-,5556548527,patricia.white@email.com,357 Poplar Road Columbus,2024-09-15
Daniel Harris,29,B-,5559638527,daniel.harris@email.com,468 Sycamore Court Charlotte,2024-07-08
Jessica Clark,36,AB-,5558527419,jessica.clark@email.com,579 Magnolia Avenue Indianapolis,
Matthew Lewis,24,O+,5557418963,matthew.lewis@email.com,681 Dogwood Street Seattle,2024-08-25
Nancy Robinson,41,A+,5556329851,nancy.robinson@email.com,792 Walnut Drive Denver,2024-06-15
Mark Walker,30,B+,5559517538,mark.walker@email.com,893 Chestnut Lane Boston,2024-05-20
Sandra Hall,37,AB+,5558526394,sandra.hall@email.com,914 Acorn Boulevard Portland,2024-09-01