name,age,blood_group,contact_number,email,address,last_donation_date,latitude,longitude
Dilani Rajapaksa,56,A-,+94737715789,dilani.rajapaksa@example.com,"81, Kurunegala",2024-04-02,9.441797,80.724507
Thilina Perera,28,O-,+94794444693,thilina.perera@example.com,"129, Galle",2024-09-09,6.995152,81.020018
Shanika Rajapaksa,22,AB+,+94787734999,shanika.rajapaksa@example.com,"84, Matara",2023-05-07,6.859833,81.284764
Shanika Jayasinghe,59,B+,+94743103055,shanika.jayasinghe@example.com,"172, Anuradhapura",,6.926993,80.789747
Shanika Gunawardena,42,B-,+94709647937,shanika.gunawardena@example.com,"126, Kurunegala",2025-06-18,7.412606,81.162414
Chamari Jayasinghe,34,AB+,+94777672908,chamari.jayasinghe@example.com,"90, Kurunegala",2024-05-03,8.673714,80.749542
Nimal Jayasinghe,35,A+,+94796198217,nimal.jayasinghe@example.com,"52, Colombo",,7.219985,80.74713
Ruwan Perera,25,O+,+94701491455,ruwan.perera@example.com,"24, Jaffna",2023-01-20,8.881691,81.31916
Ruwan Silva,44,AB-,+94781747667,ruwan.silva@example.com,"23, Kandy",2024-03-05,6.02809,80.70395
Shanika Senanayake,25,AB-,+94779432370,shanika.senanayake@example.com,"186, Galle",2025-04-17,6.215987,79.897696
Shanika Senanayake,55,B-,+94724781395,shanika.senanayake@example.com,"186, Matara",2025-10-24,7.454306,80.429909
Ruwan Karunaratne,33,AB-,+94795864510,ruwan.karunaratne@example.com,"152, Colombo",,7.19534,81.837677
Chamari Senanayake,56,A-,+94760801944,chamari.senanayake@example.com,"46, Colombo",2024-05-22,9.495155,80.758453
Lakmal De Silva,54,AB-,+94777318061,lakmal.de.silva@example.com,"172, Matara",2024-08-27,9.833642,80.481349
Kumari Rajapaksa,51,AB-,+94799750029,kumari.rajapaksa@example.com,"24, Kurunegala",2023-07-16,9.039045,81.01503
Sunil Gunawardena,19,O-,+94729204177,sunil.gunawardena@example.com,"54, Kandy",2023-03-20,6.00657,80.020802
Shanika Perera,23,AB+,+94720122364,shanika.perera@example.com,"147, Kandy",2024-08-08,7.111211,80.829228
Shanika Silva,32,O-,+94774607342,shanika.silva@example.com,"80, Negombo",2024-10-22,7.292308,80.413414
Thilina Wijesinghe,44,B-,+94701498972,thilina.wijesinghe@example.com,"167, Kandy",,9.378933,80.658088
Sunil Fernando,36,AB-,+94755390846,sunil.fernando@example.com,"174, Anuradhapura",2025-09-27,5.919591,81.62479
Chamari Silva,43,AB-,+94762725737,chamari.silva@example.com,"134, Colombo",2023-06-10,7.040668,81.224067
Sanduni Silva,20,O-,+94755295501,sanduni.silva@example.com,"65, Negombo",2024-01-17,7.984596,81.551141
Shanika Karunaratne,36,AB+,+94762989072,shanika.karunaratne@example.com,"165, Matara",,7.426134,80.386968
Sunil Silva,32,A-,+94725962256,sunil.silva@example.com,"116, Jaffna",2025-03-17,7.060858,81.044291
Shanika Gunawardena,42,AB-,+94732117846,shanika.gunawardena@example.com,"163, Matara",2023-10-04,6.42151,80.076234
Kumari Silva,38,B-,+94708664033,kumari.silva@example.com,"9, Jaffna",2023-03-15,6.228284,81.135012
Ruwan Gunawardena,24,B-,+94769342840,ruwan.gunawardena@example.com,"9, Negombo",2024-11-10,9.091763,80.476539
Chamari Senanayake,53,B+,+94770792459,chamari.senanayake@example.com,"53, Anuradhapura",2024-05-09,8.647186,81.480507
Ruwan Senanayake,41,AB-,+94701696315,ruwan.senanayake@example.com,"27, Matara",,8.139342,81.217414
Thilina Karunaratne,33,O+,+94777167919,thilina.karunaratne@example.com,"152, Galle",2024-10-18,9.107055,80.723124
Chamari Jayasinghe,53,B+,+94764474563,chamari.jayasinghe@example.com,"36, Kurunegala",2023-06-06,7.956929,80.44399
Kumari Fernando,55,B-,+94774532856,kumari.fernando@example.com,"154, Kandy",,8.217791,81.230203
Kumari Fernando,27,AB-,+94748338945,kumari.fernando@example.com,"97, Galle",2024-04-26,7.960036,79.785322
Kumari Senanayake,48,B+,+94744174857,kumari.senanayake@example.com,"172, Kurunegala",2025-03-19,8.154319,81.877044
Lakmal De Silva,32,A+,+94705358270,lakmal.de.silva@example.com,"80, Kurunegala",2024-02-27,7.165808,80.026951
Nimal Gunawardena,42,O+,+94797977024,nimal.gunawardena@example.com,"36, Anuradhapura",2024-09-20,5.969578,79.931678
Dilani Perera,53,B+,+94767021860,dilani.perera@example.com,"73, Kurunegala",2023-12-08,6.20141,80.152197
Thilina Senanayake,50,B+,+94750060192,thilina.senanayake@example.com,"141, Anuradhapura",2024-08-25,6.868941,80.75929
Lakmal Jayasinghe,58,O-,+94700190355,lakmal.jayasinghe@example.com,"7, Colombo",2023-11-13,7.519744,79.769244
Ruwan Senanayake,49,B-,+94790561176,ruwan.senanayake@example.com,"5, Galle",2025-03-01,6.804748,79.776024
Dilani Fernando,55,B+,+94754715287,dilani.fernando@example.com,"30, Jaffna",2024-12-26,8.879525,80.546056
Ruwan Wijesinghe,24,AB+,+94785450891,ruwan.wijesinghe@example.com,"1, Kurunegala",2024-03-09,7.06868,81.29438
Thilina Jayasinghe,56,B+,+94744806809,thilina.jayasinghe@example.com,"179, Kandy",2024-10-19,8.730128,81.400692
Ruwan De Silva,31,AB-,+94744271210,ruwan.de.silva@example.com,"176, Matara",2024-02-18,8.809462,80.287127
Chamari Gunawardena,50,B-,+94751277076,chamari.gunawardena@example.com,"88, Negombo",2023-08-24,8.1483,81.590383
Thilina Fernando,35,O+,+94797884829,thilina.fernando@example.com,"54, Kandy",2023-06-28,7.72663,80.341978
Kumari Fernando,48,A+,+94775620840,kumari.fernando@example.com,"99, Matara",2024-06-15,7.790272,81.615433
Dilani Silva,35,B-,+94765325208,dilani.silva@example.com,"29, Kurunegala",2023-07-19,7.566848,80.160375
Sunil De Silva,60,B-,+94790391610,sunil.de.silva@example.com,"7, Galle",2024-04-18,6.027765,81.595725
Chamari Gunawardena,32,B+,+94788703057,chamari.gunawardena@example.com,"46, Kurunegala",2025-06-27,9.27935,81.249029
